,delta_mean,path,wt,std,mean_mut,seq_id,context,cell_line
11855,0.955199,../results//context_dependence_test_100/enformer/RUFY3_chr4_70704800_+.pickle,106.32846,2.2368255,4.763619,RUFY3_chr4_70704800_+,enhancing,GM12878
11546,0.9895811,../results//context_dependence_test_100/enformer/AMPD3_chr11_10455263_+.pickle,94.7383,1.0646716,0.9870678,AMPD3_chr11_10455263_+,enhancing,GM12878
11337,0.97412235,../results//context_dependence_test_100/enformer/GPR157_chr1_9129102_-.pickle,87.82759,1.1963482,2.2727718,GPR157_chr1_9129102_-,enhancing,GM12878
10959,0.984826,../results//context_dependence_test_100/enformer/PLA2G4C_chr19_48110817_-.pickle,74.88222,1.0790117,1.1362615,PLA2G4C_chr19_48110817_-,enhancing,GM12878
10670,0.9967598,../results//context_dependence_test_100/enformer/FCRL2_chr1_157777132_-.pickle,66.09747,0.69630766,0.21417248,FCRL2_chr1_157777132_-,enhancing,GM12878
10260,0.9943318,../results//context_dependence_test_100/enformer/PTGIR_chr19_46625037_-.pickle,52.86592,0.38382015,0.29965568,PTGIR_chr19_46625037_-,enhancing,GM12878
18026,0.9882366,../results//context_dependence_test_100/enformer/SCP2_chr1_53014973_+.pickle,362.27795,5.2249928,4.2616177,SCP2_chr1_53014973_+,enhancing,GM12878
12656,0.9989917,../results//context_dependence_test_100/enformer/DNASE1L3_chr3_58214697_-.pickle,136.76448,0.19889534,0.13789243,DNASE1L3_chr3_58214697_-,enhancing,GM12878
15796,0.9888915,../results//context_dependence_test_100/enformer/PSMB5_chr14_23034890_-.pickle,258.66797,4.5612073,2.8734207,PSMB5_chr14_23034890_-,enhancing,GM12878
12710,0.97406733,../results//context_dependence_test_100/enformer/ZNF729_chr19_22286440_+.pickle,138.613,4.498429,3.594599,ZNF729_chr19_22286440_+,enhancing,GM12878
11442,0.9900018,../results//context_dependence_test_100/enformer/F2R_chr5_76716125_+.pickle,91.52194,1.6137491,0.91505146,F2R_chr5_76716125_+,enhancing,GM12878
12606,0.97642386,../results//context_dependence_test_100/enformer/MAL_chr2_95025707_+.pickle,134.52895,3.7483392,3.171675,MAL_chr2_95025707_+,enhancing,GM12878
13962,0.98753875,../results//context_dependence_test_100/enformer/ADA_chr20_44651686_-.pickle,184.74873,2.8363283,2.3021932,ADA_chr20_44651686_-,enhancing,GM12878
15513,0.9608641,../results//context_dependence_test_100/enformer/RPN2_chr20_37179329_+.pickle,247.4429,4.352839,9.683893,RPN2_chr20_37179329_+,enhancing,GM12878
11768,0.96760726,../results//context_dependence_test_100/enformer/SEPTIN3_chr22_41976809_+.pickle,103.5611,2.1651483,3.354631,SEPTIN3_chr22_41976809_+,enhancing,GM12878
10929,0.96521944,../results//context_dependence_test_100/enformer/TMCC2_chr1_205227945_+.pickle,74.06772,4.5559826,2.5761168,TMCC2_chr1_205227945_+,enhancing,GM12878
16685,0.99372125,../results//context_dependence_test_100/enformer/UROD_chr1_45012247_+.pickle,296.97815,2.4804747,1.8646634,UROD_chr1_45012247_+,enhancing,GM12878
10705,0.99439865,../results//context_dependence_test_100/enformer/OASL_chr12_121038980_-.pickle,67.404465,0.46848074,0.37755564,OASL_chr12_121038980_-,enhancing,GM12878
10064,0.95402616,../results//context_dependence_test_100/enformer/JAML_chr11_118225021_-.pickle,47.526295,4.446322,2.1849685,JAML_chr11_118225021_-,enhancing,GM12878
10697,0.98135346,../results//context_dependence_test_100/enformer/GPR82_chrX_41724180_+.pickle,67.24271,1.7715418,1.2538457,GPR82_chrX_41724180_+,enhancing,GM12878
14727,0.99196374,../results//context_dependence_test_100/enformer/TTC8_chr14_88824655_+.pickle,214.80988,1.7633076,1.7262757,TTC8_chr14_88824655_+,enhancing,GM12878
12879,0.95245856,../results//context_dependence_test_100/enformer/CASP10_chr2_201183126_+.pickle,144.54971,11.085517,6.8721004,CASP10_chr2_201183126_+,enhancing,GM12878
10235,0.97011614,../results//context_dependence_test_100/enformer/EMX1_chr2_72916259_+.pickle,52.318672,1.5723097,1.563485,EMX1_chr2_72916259_+,enhancing,GM12878
10679,0.9946067,../results//context_dependence_test_100/enformer/CCDC106_chr19_55648211_+.pickle,66.36738,0.2675339,0.35793996,CCDC106_chr19_55648211_+,enhancing,GM12878
12309,0.99059314,../results//context_dependence_test_100/enformer/CDC42EP3_chr2_37671642_-.pickle,123.974304,4.066151,1.1662059,CDC42EP3_chr2_37671642_-,enhancing,GM12878
10473,0.9645937,../results//context_dependence_test_100/enformer/IDO1_chr8_39913890_+.pickle,59.303593,1.7209334,2.099722,IDO1_chr8_39913890_+,enhancing,GM12878
17267,0.9728464,../results//context_dependence_test_100/enformer/NEK9_chr14_75127048_-.pickle,322.35864,3.1997118,8.753205,NEK9_chr14_75127048_-,enhancing,GM12878
12162,0.994605,../results//context_dependence_test_100/enformer/PTPMT1_chr11_47565598_+.pickle,117.43115,0.47493267,0.63353354,PTPMT1_chr11_47565598_+,enhancing,GM12878
13778,0.9582963,../results//context_dependence_test_100/enformer/TYROBP_chr19_35908295_-.pickle,177.50241,5.0404987,7.402507,TYROBP_chr19_35908295_-,enhancing,GM12878
11002,0.99413306,../results//context_dependence_test_100/enformer/CTXN1_chr19_7926135_-.pickle,76.17999,0.7195116,0.44694304,CTXN1_chr19_7926135_-,enhancing,GM12878
19438,0.9637588,../results//context_dependence_test_100/enformer/FCER2_chr19_7702131_-.pickle,446.67026,6.084248,16.187868,FCER2_chr19_7702131_-,enhancing,GM12878
12412,0.9576694,../results//context_dependence_test_100/enformer/ZNF91_chr19_23395446_-.pickle,127.409485,4.8833485,5.393326,ZNF91_chr19_23395446_-,enhancing,GM12878
12755,0.96717864,../results//context_dependence_test_100/enformer/FAM120C_chrX_54183254_-.pickle,140.31369,3.3148096,4.605291,FAM120C_chrX_54183254_-,enhancing,GM12878
10083,0.9916237,../results//context_dependence_test_100/enformer/BTK_chrX_101386191_-.pickle,47.988403,0.50427765,0.40196764,BTK_chrX_101386191_-,enhancing,GM12878
13181,0.9580955,../results//context_dependence_test_100/enformer/QDPR_chr4_17512089_-.pickle,155.48172,4.951232,6.515382,QDPR_chr4_17512089_-,enhancing,GM12878
10014,0.95882595,../results//context_dependence_test_100/enformer/CDK5R1_chr17_32486992_+.pickle,45.83207,0.7468958,1.8870914,CDK5R1_chr17_32486992_+,enhancing,GM12878
14426,0.9749629,../results//context_dependence_test_100/enformer/MAIP1_chr2_199955581_+.pickle,201.92871,7.106245,5.055705,MAIP1_chr2_199955581_+,enhancing,GM12878
14890,0.976364,../results//context_dependence_test_100/enformer/PEDS1_chr20_50153723_-.pickle,222.19814,4.9217377,5.2518826,PEDS1_chr20_50153723_-,enhancing,GM12878
11074,0.99285203,../results//context_dependence_test_100/enformer/NIPSNAP3B_chr9_104764128_+.pickle,78.62972,1.0647931,0.56203955,NIPSNAP3B_chr9_104764128_+,enhancing,GM12878
13541,0.9593212,../results//context_dependence_test_100/enformer/NME6_chr3_48301394_-.pickle,169.42343,5.2322245,6.8919396,NME6_chr3_48301394_-,enhancing,GM12878
10805,0.9801235,../results//context_dependence_test_100/enformer/MEST_chr7_130486341_+.pickle,70.34952,1.3655363,1.3983017,MEST_chr7_130486341_+,enhancing,GM12878
12541,0.98404825,../results//context_dependence_test_100/enformer/SSTR2_chr17_73165009_+.pickle,132.6048,3.3399243,2.115278,SSTR2_chr17_73165009_+,enhancing,GM12878
18643,0.9589509,../results//context_dependence_test_100/enformer/PLCG2_chr16_81779312_+.pickle,394.4738,18.12852,16.19281,PLCG2_chr16_81779312_+,enhancing,GM12878
17360,0.9630047,../results//context_dependence_test_100/enformer/BOLA3_chr2_74147912_-.pickle,326.40988,13.247303,12.075613,BOLA3_chr2_74147912_-,enhancing,GM12878
10453,0.9788104,../results//context_dependence_test_100/enformer/FAM78A_chr9_131276510_-.pickle,58.59404,1.2704664,1.2415826,FAM78A_chr9_131276510_-,enhancing,GM12878
13586,0.96775,../results//context_dependence_test_100/enformer/ENSG00000214265_chr15_24955033_+.pickle,171.35162,5.6832685,5.526086,ENSG00000214265_chr15_24955033_+,enhancing,GM12878
15719,0.9815722,../results//context_dependence_test_100/enformer/PSMD1_chr2_231056866_+.pickle,255.71494,3.412756,4.7122707,PSMD1_chr2_231056866_+,enhancing,GM12878
16856,0.9893308,../results//context_dependence_test_100/enformer/GEMIN6_chr2_38778209_+.pickle,304.16168,2.2998862,3.2451582,GEMIN6_chr2_38778209_+,enhancing,GM12878
10355,0.998162,../results//context_dependence_test_100/enformer/COL5A3_chr19_10010504_-.pickle,55.67427,0.12837568,0.10232887,COL5A3_chr19_10010504_-,enhancing,GM12878
15523,0.99001205,../results//context_dependence_test_100/enformer/NHLRC3_chr13_39038390_+.pickle,247.61516,7.684223,2.473172,NHLRC3_chr13_39038390_+,enhancing,GM12878
10635,0.97547543,../results//context_dependence_test_100/enformer/BASP1_chr5_17217630_+.pickle,64.92349,1.4418635,1.5922215,BASP1_chr5_17217630_+,enhancing,GM12878
10335,0.9841465,../results//context_dependence_test_100/enformer/ENSG00000258539_chr10_124791727_-.pickle,55.24379,1.3734851,0.8758086,ENSG00000258539_chr10_124791727_-,enhancing,GM12878
10729,0.9985964,../results//context_dependence_test_100/enformer/SMPDL3A_chr6_122789257_+.pickle,68.12775,0.381397,0.09562829,SMPDL3A_chr6_122789257_+,enhancing,GM12878
10184,0.95920676,../results//context_dependence_test_100/enformer/PHF10_chr6_169724500_-.pickle,50.780167,0.7275457,2.0714884,PHF10_chr6_169724500_-,enhancing,GM12878
12167,0.99256814,../results//context_dependence_test_100/enformer/DTX1_chr12_113056729_+.pickle,118.073616,2.0332775,0.8775097,DTX1_chr12_113056729_+,enhancing,GM12878
11757,0.97436786,../results//context_dependence_test_100/enformer/P4HA2_chr5_132227835_-.pickle,103.263626,6.121643,2.6468694,P4HA2_chr5_132227835_-,enhancing,GM12878
11823,0.9769511,../results//context_dependence_test_100/enformer/COQ3_chr6_99394195_-.pickle,105.18028,1.8628161,2.4242883,COQ3_chr6_99394195_-,enhancing,GM12878
17007,0.97758347,../results//context_dependence_test_100/enformer/CYTH1_chr17_78736890_-.pickle,311.1468,8.83301,6.974834,CYTH1_chr17_78736890_-,enhancing,GM12878
10168,0.9611327,../results//context_dependence_test_100/enformer/KHDRBS2_chr6_62286225_-.pickle,50.156425,4.602079,1.9494451,KHDRBS2_chr6_62286225_-,enhancing,GM12878
12804,0.9838294,../results//context_dependence_test_100/enformer/DPY19L4_chr8_94719899_+.pickle,142.23819,2.1548567,2.300075,DPY19L4_chr8_94719899_+,enhancing,GM12878
10387,0.99509734,../results//context_dependence_test_100/enformer/MTARC2_chr1_220748268_+.pickle,56.263195,0.42290932,0.27584207,MTARC2_chr1_220748268_+,enhancing,GM12878
19882,0.95993954,../results//context_dependence_test_100/enformer/BCL2A1_chr15_79971196_-.pickle,518.22906,23.686235,20.760506,BCL2A1_chr15_79971196_-,enhancing,GM12878
16404,0.97888726,../results//context_dependence_test_100/enformer/IL2RA_chr10_6062350_-.pickle,284.41092,8.911808,6.0046873,IL2RA_chr10_6062350_-,enhancing,GM12878
10693,0.98696756,../results//context_dependence_test_100/enformer/ENSG00000285382_chr20_32743523_-.pickle,66.93643,0.54243267,0.87234473,ENSG00000285382_chr20_32743523_-,enhancing,GM12878
15952,0.99528295,../results//context_dependence_test_100/enformer/DENND2D_chr1_111200646_-.pickle,264.54245,1.135494,1.2478611,DENND2D_chr1_111200646_-,enhancing,GM12878
10493,0.9827259,../results//context_dependence_test_100/enformer/CMBL_chr5_10307902_-.pickle,59.931305,1.7069607,1.03526,CMBL_chr5_10307902_-,enhancing,GM12878
11989,0.9768135,../results//context_dependence_test_100/enformer/SNAPC1_chr14_61762419_+.pickle,111.22069,1.669385,2.578817,SNAPC1_chr14_61762419_+,enhancing,GM12878
10177,0.9949683,../results//context_dependence_test_100/enformer/MEOX1_chr17_43661922_-.pickle,50.52697,0.7262068,0.25423878,MEOX1_chr17_43661922_-,enhancing,GM12878
10103,0.9636415,../results//context_dependence_test_100/enformer/TGFBR3_chr1_91886151_-.pickle,48.57492,1.9804187,1.7661088,TGFBR3_chr1_91886151_-,enhancing,GM12878
11836,0.96655434,../results//context_dependence_test_100/enformer/MMP7_chr11_102530747_-.pickle,105.52406,3.3758607,3.5293217,MMP7_chr11_102530747_-,enhancing,GM12878
13310,0.96734905,../results//context_dependence_test_100/enformer/WIPI1_chr17_68457479_-.pickle,160.05054,3.931511,5.225799,WIPI1_chr17_68457479_-,enhancing,GM12878
10243,0.9820396,../results//context_dependence_test_100/enformer/C19orf38_chr19_10848414_+.pickle,52.49924,0.5516187,0.94290876,C19orf38_chr19_10848414_+,enhancing,GM12878
13659,0.97713196,../results//context_dependence_test_100/enformer/TARBP1_chr1_234479179_-.pickle,173.49883,3.1476169,3.9675815,TARBP1_chr1_234479179_-,enhancing,GM12878
18785,0.9750246,../results//context_dependence_test_100/enformer/CDCA7L_chr7_21945884_-.pickle,402.84134,10.912966,10.061117,CDCA7L_chr7_21945884_-,enhancing,GM12878
12129,0.9754218,../results//context_dependence_test_100/enformer/HPDL_chr1_45326894_+.pickle,116.45314,2.4515996,2.8622127,HPDL_chr1_45326894_+,enhancing,GM12878
17010,0.95590264,../results//context_dependence_test_100/enformer/CCDC14_chr3_123961229_-.pickle,311.1967,4.442399,13.722971,CCDC14_chr3_123961229_-,enhancing,GM12878
15035,0.96630263,../results//context_dependence_test_100/enformer/TTLL12_chr22_43187134_-.pickle,227.16727,3.2981098,7.6549387,TTLL12_chr22_43187134_-,enhancing,GM12878
11729,0.98112637,../results//context_dependence_test_100/enformer/IQSEC1_chr3_13073429_-.pickle,102.01768,4.911203,1.9254471,IQSEC1_chr3_13073429_-,enhancing,GM12878
10039,0.97103804,../results//context_dependence_test_100/enformer/ANKLE1_chr19_17281876_+.pickle,46.760376,3.4534764,1.3542719,ANKLE1_chr19_17281876_+,enhancing,GM12878
10384,0.9513268,../results//context_dependence_test_100/enformer/ETV7_chr6_36387669_-.pickle,56.148346,1.5339761,2.732921,ETV7_chr6_36387669_-,enhancing,GM12878
10955,0.9631776,../results//context_dependence_test_100/enformer/NCOA6_chr20_34825630_-.pickle,74.9767,2.207708,2.760815,NCOA6_chr20_34825630_-,enhancing,GM12878
13825,0.99551773,../results//context_dependence_test_100/enformer/AICDA_chr12_8612867_-.pickle,179.71085,2.3678496,0.8055163,AICDA_chr12_8612867_-,enhancing,GM12878
11035,0.97743046,../results//context_dependence_test_100/enformer/OCLN_chr5_69492772_+.pickle,77.32624,1.4907836,1.7452126,OCLN_chr5_69492772_+,enhancing,GM12878
17898,0.9806337,../results//context_dependence_test_100/enformer/LY6E_chr8_143018528_+.pickle,354.40518,8.478483,6.8635387,LY6E_chr8_143018528_+,enhancing,GM12878
13146,0.9760712,../results//context_dependence_test_100/enformer/FCRL1_chr1_157820120_-.pickle,154.30296,5.629003,3.692288,FCRL1_chr1_157820120_-,enhancing,GM12878
11883,0.97455215,../results//context_dependence_test_100/enformer/DHRS13_chr17_28902965_-.pickle,107.62264,1.7189233,2.7387595,DHRS13_chr17_28902965_-,enhancing,GM12878
10025,0.9584438,../results//context_dependence_test_100/enformer/KAT2B_chr3_20040445_+.pickle,46.118282,0.61684906,1.9165006,KAT2B_chr3_20040445_+,enhancing,GM12878
10106,0.9754812,../results//context_dependence_test_100/enformer/TSPOAP1_chr17_58328760_-.pickle,48.512238,1.0142306,1.18946,TSPOAP1_chr17_58328760_-,enhancing,GM12878
19891,0.96294856,../results//context_dependence_test_100/enformer/HLA-DOA_chr6_33009591_-.pickle,520.5746,23.13544,19.288036,HLA-DOA_chr6_33009591_-,enhancing,GM12878
19714,0.9692933,../results//context_dependence_test_100/enformer/ENSG00000248993_chr6_32953122_-.pickle,476.23962,13.818497,14.623744,ENSG00000248993_chr6_32953122_-,enhancing,GM12878
11948,0.96415234,../results//context_dependence_test_100/enformer/ALDH5A1_chr6_24494968_+.pickle,109.767494,2.2287188,3.9349089,ALDH5A1_chr6_24494968_+,enhancing,GM12878
10562,0.9783335,../results//context_dependence_test_100/enformer/DSG2_chr18_31498176_+.pickle,62.00831,1.8776044,1.3435065,DSG2_chr18_31498176_+,enhancing,GM12878
13986,0.9579289,../results//context_dependence_test_100/enformer/GBA1_chr1_155241249_-.pickle,185.48654,3.2550688,7.803627,GBA1_chr1_155241249_-,enhancing,GM12878
10996,0.9917373,../results//context_dependence_test_100/enformer/ACAD11_chr3_132659844_-.pickle,76.12587,0.9375197,0.62900716,ACAD11_chr3_132659844_-,enhancing,GM12878
11149,0.958667,../results//context_dependence_test_100/enformer/CD5_chr11_61102488_+.pickle,81.01922,3.0342598,3.3487704,CD5_chr11_61102488_+,enhancing,GM12878
11889,0.9732054,../results//context_dependence_test_100/enformer/ODF3B_chr22_50532184_-.pickle,107.81674,1.8773823,2.8889065,ODF3B_chr22_50532184_-,enhancing,GM12878
18310,0.99731696,../results//context_dependence_test_100/enformer/JCHAIN_chr4_70666508_-.pickle,376.9089,4.722998,1.0112593,JCHAIN_chr4_70666508_-,enhancing,GM12878
11413,0.9543467,../results//context_dependence_test_100/enformer/MILR1_chr17_64449168_+.pickle,90.493866,1.9275873,4.1313405,MILR1_chr17_64449168_+,enhancing,GM12878
11324,0.9820246,../results//context_dependence_test_100/enformer/ATPAF1_chr1_46668427_-.pickle,87.2785,0.9937334,1.5688635,ATPAF1_chr1_46668427_-,enhancing,GM12878
12696,0.9868519,../results//context_dependence_test_100/enformer/FAN1_chr15_30903892_+.pickle,138.49417,1.6715022,1.8209423,FAN1_chr15_30903892_+,enhancing,GM12878
12288,0.9603201,../results//context_dependence_test_100/enformer/TUBB4A_chr19_6502337_-.pickle,123.012474,10.082085,4.881117,TUBB4A_chr19_6502337_-,enhancing,GM12878
18036,0.98290765,../results//context_dependence_test_100/enformer/SCIMP_chr17_5234823_-.pickle,363.08292,4.4548016,6.205928,SCIMP_chr17_5234823_-,enhancing,GM12878
18097,0.97978175,../results//context_dependence_test_100/enformer/MRPL48_chr11_73787873_+.pickle,366.3982,7.270358,7.407922,MRPL48_chr11_73787873_+,enhancing,GM12878
13416,0.9615553,../results//context_dependence_test_100/enformer/GATM_chr15_45378544_-.pickle,164.0404,6.9999213,6.3064804,GATM_chr15_45378544_-,enhancing,GM12878
18867,0.9658267,../results//context_dependence_test_100/enformer/TNFRSF13B_chr17_16972087_-.pickle,407.26447,15.534882,13.917563,TNFRSF13B_chr17_16972087_-,enhancing,GM12878
10689,0.95951885,../results//context_dependence_test_100/enformer/CR1_chr1_207496242_+.pickle,66.73424,2.6110702,2.701477,CR1_chr1_207496242_+,enhancing,GM12878
11134,0.99838924,../results//context_dependence_test_100/enformer/PKIG_chr20_44582578_+.pickle,80.29804,0.46633506,0.12934291,PKIG_chr20_44582578_+,enhancing,GM12878
11189,0.96372455,../results//context_dependence_test_100/enformer/SUOX_chr12_55997287_+.pickle,82.591194,2.3615746,2.996036,SUOX_chr12_55997287_+,enhancing,GM12878
10101,0.98759633,../results//context_dependence_test_100/enformer/LIPH_chr3_185552588_-.pickle,48.48635,1.5080063,0.60140836,LIPH_chr3_185552588_-,enhancing,GM12878
10591,0.99200714,../results//context_dependence_test_100/enformer/COMMD7_chr20_32743467_-.pickle,62.990093,0.23007733,0.50347006,COMMD7_chr20_32743467_-,enhancing,GM12878
11743,0.99511784,../results//context_dependence_test_100/enformer/LRR1_chr14_49598939_+.pickle,102.615005,1.1628053,0.50098604,LRR1_chr14_49598939_+,enhancing,GM12878
10060,0.9846288,../results//context_dependence_test_100/enformer/FEZ1_chr11_125496277_-.pickle,47.42284,0.38073987,0.7289454,FEZ1_chr11_125496277_-,enhancing,GM12878
10132,0.98273504,../results//context_dependence_test_100/enformer/SCNN1B_chr16_23302301_+.pickle,49.2483,1.4721804,0.85027075,SCNN1B_chr16_23302301_+,enhancing,GM12878
11573,0.9973043,../results//context_dependence_test_100/enformer/PGBD1_chr6_28281571_+.pickle,95.908356,0.16606103,0.25853622,PGBD1_chr6_28281571_+,enhancing,GM12878
17030,0.99615836,../results//context_dependence_test_100/enformer/DDX19B_chr16_70299193_+.pickle,312.2984,1.2996051,1.1997322,DDX19B_chr16_70299193_+,enhancing,GM12878
16633,0.99256396,../results//context_dependence_test_100/enformer/GPR15_chr3_98531977_+.pickle,294.67282,2.2893133,2.191197,GPR15_chr3_98531977_+,enhancing,GM12878
11229,0.98322314,../results//context_dependence_test_100/enformer/RP9_chr7_33109404_-.pickle,83.89131,1.5438597,1.4074293,RP9_chr7_33109404_-,enhancing,GM12878
19782,0.9894724,../results//context_dependence_test_100/enformer/HLA-DRB5_chr6_32530287_-.pickle,484.79803,5.528333,5.1037607,HLA-DRB5_chr6_32530287_-,enhancing,GM12878
14394,0.9991098,../results//context_dependence_test_100/enformer/C17orf75_chr17_32342173_-.pickle,200.87885,0.088339366,0.17882225,C17orf75_chr17_32342173_-,enhancing,GM12878
18973,0.95865613,../results//context_dependence_test_100/enformer/PRDX2_chr19_12801800_-.pickle,413.55984,10.799866,17.098162,PRDX2_chr19_12801800_-,enhancing,GM12878
14448,0.9752365,../results//context_dependence_test_100/enformer/SIPA1_chr11_65638100_+.pickle,203.02255,2.4189696,5.027561,SIPA1_chr11_65638100_+,enhancing,GM12878
10515,0.97161084,../results//context_dependence_test_100/enformer/EDARADD_chr1_236394285_+.pickle,60.245335,2.860716,1.710316,EDARADD_chr1_236394285_+,enhancing,GM12878
10712,0.9794933,../results//context_dependence_test_100/enformer/C8orf88_chr8_90985238_-.pickle,67.758965,7.2163525,1.3895118,C8orf88_chr8_90985238_-,enhancing,GM12878
14064,0.9989323,../results//context_dependence_test_100/enformer/RUBCNL_chr13_46387252_-.pickle,189.0015,0.37849128,0.20180395,RUBCNL_chr13_46387252_-,enhancing,GM12878
15164,0.9853888,../results//context_dependence_test_100/enformer/PTMS_chr12_6766143_+.pickle,231.64673,2.6421542,3.3846283,PTMS_chr12_6766143_+,enhancing,GM12878
13397,0.96430355,../results//context_dependence_test_100/enformer/RASSF4_chr10_44959801_+.pickle,163.15703,3.7529635,5.8241253,RASSF4_chr10_44959801_+,enhancing,GM12878
15646,0.9539942,../results//context_dependence_test_100/enformer/TSPYL2_chrX_53082366_+.pickle,252.43738,8.394718,11.61359,TSPYL2_chrX_53082366_+,enhancing,GM12878
11047,0.97991604,../results//context_dependence_test_100/enformer/MCTS2_chr20_31547378_+.pickle,77.74518,1.465028,1.5614296,MCTS2_chr20_31547378_+,enhancing,GM12878
18702,0.99471855,../results//context_dependence_test_100/enformer/TNFRSF8_chr1_12063302_+.pickle,398.76456,5.094037,2.106059,TNFRSF8_chr1_12063302_+,enhancing,GM12878
11869,0.9859383,../results//context_dependence_test_100/enformer/PAFAH1B3_chr19_42302624_-.pickle,107.24344,3.2340581,1.5080229,PAFAH1B3_chr19_42302624_-,enhancing,GM12878
11574,0.995131,../results//context_dependence_test_100/enformer/ZNF619_chr3_40477141_+.pickle,95.9025,0.45692095,0.466951,ZNF619_chr3_40477141_+,enhancing,GM12878
14980,0.95922893,../results//context_dependence_test_100/enformer/GPR160_chr3_170037994_+.pickle,225.01797,9.874737,9.174227,GPR160_chr3_170037994_+,enhancing,GM12878
13272,0.98648757,../results//context_dependence_test_100/enformer/CIBAR1_chr8_93700581_+.pickle,158.61421,2.1180983,2.1432624,CIBAR1_chr8_93700581_+,enhancing,GM12878
12918,0.992121,../results//context_dependence_test_100/enformer/ANKRD65_chr1_1421260_-.pickle,146.3364,3.0709167,1.1529868,ANKRD65_chr1_1421260_-,enhancing,GM12878
11663,0.9620113,../results//context_dependence_test_100/enformer/PEX5L_chr3_180036926_-.pickle,99.364426,3.61161,3.774724,PEX5L_chr3_180036926_-,enhancing,GM12878
13202,0.9838051,../results//context_dependence_test_100/enformer/ENSG00000285897_chr17_58417595_-.pickle,156.01756,3.6061149,2.52668,ENSG00000285897_chr17_58417595_-,enhancing,GM12878
11940,0.98557,../results//context_dependence_test_100/enformer/ITGAM_chr16_31259966_+.pickle,109.48196,2.239666,1.5798225,ITGAM_chr16_31259966_+,enhancing,GM12878
11254,0.9865565,../results//context_dependence_test_100/enformer/SMARCA1_chrX_129523485_-.pickle,84.52682,1.156419,1.136338,SMARCA1_chrX_129523485_-,enhancing,GM12878
12247,0.9736686,../results//context_dependence_test_100/enformer/PREX1_chr20_48827999_-.pickle,121.3262,3.5944555,3.1946917,PREX1_chr20_48827999_-,enhancing,GM12878
12396,0.96479625,../results//context_dependence_test_100/enformer/ENSG00000268643_chr19_42255132_-.pickle,127.13524,2.8049374,4.475639,ENSG00000268643_chr19_42255132_-,enhancing,GM12878
11619,0.96093404,../results//context_dependence_test_100/enformer/MARK4_chr19_45251270_+.pickle,97.58235,2.5130537,3.8121476,MARK4_chr19_45251270_+,enhancing,GM12878
13115,0.95242524,../results//context_dependence_test_100/enformer/ENSG00000276302_chr6_28267120_+.pickle,153.17307,6.233685,7.287172,ENSG00000276302_chr6_28267120_+,enhancing,GM12878
14885,0.9543237,../results//context_dependence_test_100/enformer/COMMD1_chr2_61905673_+.pickle,221.87231,9.057857,10.1343155,COMMD1_chr2_61905673_+,enhancing,GM12878
10288,0.9817232,../results//context_dependence_test_100/enformer/PDE3B_chr11_14643803_+.pickle,53.792606,1.1237631,0.9831595,PDE3B_chr11_14643803_+,enhancing,GM12878
11565,0.9711311,../results//context_dependence_test_100/enformer/RBL1_chr20_37095997_-.pickle,95.72463,1.9733744,2.7634664,RBL1_chr20_37095997_-,enhancing,GM12878
14387,0.98600084,../results//context_dependence_test_100/enformer/SLC35B1_chr17_49707964_-.pickle,200.4658,2.8788915,2.8063512,SLC35B1_chr17_49707964_-,enhancing,GM12878
11774,0.9956202,../results//context_dependence_test_100/enformer/GAS2_chr11_22666610_+.pickle,103.863846,0.23842567,0.45490336,GAS2_chr11_22666610_+,enhancing,GM12878
14421,0.9501974,../results//context_dependence_test_100/enformer/ITGAX_chr16_31355175_+.pickle,201.73273,7.173271,10.046819,ITGAX_chr16_31355175_+,enhancing,GM12878
15664,0.9861809,../results//context_dependence_test_100/enformer/CD27_chr12_6444954_+.pickle,253.19043,3.6157246,3.4988708,CD27_chr12_6444954_+,enhancing,GM12878
10514,0.97505456,../results//context_dependence_test_100/enformer/ALDH2_chr12_111766932_+.pickle,60.056484,5.225789,1.4981333,ALDH2_chr12_111766932_+,enhancing,GM12878
11081,0.98541117,../results//context_dependence_test_100/enformer/SPATC1_chr8_144012279_+.pickle,78.889244,1.3708019,1.1509044,SPATC1_chr8_144012279_+,enhancing,GM12878
11845,0.99170905,../results//context_dependence_test_100/enformer/SLC27A2_chr15_50182232_+.pickle,105.867424,1.5319252,0.87773716,SLC27A2_chr15_50182232_+,enhancing,GM12878
11891,0.9901902,../results//context_dependence_test_100/enformer/CSTA_chr3_122325261_+.pickle,107.85344,1.3932718,1.0580227,CSTA_chr3_122325261_+,enhancing,GM12878
10053,0.9926858,../results//context_dependence_test_100/enformer/FLVCR2_chr14_75605461_+.pickle,47.198307,0.69083685,0.34521788,FLVCR2_chr14_75605461_+,enhancing,GM12878
14247,0.993818,../results//context_dependence_test_100/enformer/MYRF_chr11_61752635_+.pickle,195.92517,3.9900584,1.2112155,MYRF_chr11_61752635_+,enhancing,GM12878
13694,0.989173,../results//context_dependence_test_100/enformer/MSC_chr8_71844412_-.pickle,174.54655,2.0977697,1.8898149,MSC_chr8_71844412_-,enhancing,GM12878
11708,0.9731591,../results//context_dependence_test_100/enformer/ZNF395_chr8_28386073_-.pickle,101.10902,0.84966254,2.7138624,ZNF395_chr8_28386073_-,enhancing,GM12878
10065,0.9839867,../results//context_dependence_test_100/enformer/ENG_chr9_127854658_-.pickle,47.560425,1.0652709,0.7615999,ENG_chr9_127854658_-,enhancing,GM12878
12206,0.9880145,../results//context_dependence_test_100/enformer/CACNA2D1_chr7_82443777_-.pickle,119.84933,1.4637537,1.4364566,CACNA2D1_chr7_82443777_-,enhancing,GM12878
11001,0.98069364,../results//context_dependence_test_100/enformer/PRTFDC1_chr10_24952592_-.pickle,76.346664,2.3205168,1.4739766,PRTFDC1_chr10_24952592_-,enhancing,GM12878
10725,0.9697069,../results//context_dependence_test_100/enformer/SAMD1_chr19_14090751_-.pickle,67.9616,1.772107,2.0587707,SAMD1_chr19_14090751_-,enhancing,GM12878
12400,0.9629717,../results//context_dependence_test_100/enformer/SSX2B_chrX_52751268_+.pickle,127.30063,4.0395756,4.7137265,SSX2B_chrX_52751268_+,enhancing,GM12878
13196,0.97167873,../results//context_dependence_test_100/enformer/IGF2BP1_chr17_48997384_+.pickle,155.86327,6.5237894,4.414251,IGF2BP1_chr17_48997384_+,enhancing,GM12878
18229,0.9638113,../results//context_dependence_test_100/enformer/EIF2D_chr1_206612459_-.pickle,372.15295,10.183851,13.467743,EIF2D_chr1_206612459_-,enhancing,GM12878
15354,0.9511713,../results//context_dependence_test_100/enformer/GNGT2_chr17_49210574_-.pickle,240.72473,7.223708,11.754291,GNGT2_chr17_49210574_-,enhancing,GM12878
12513,0.96620816,../results//context_dependence_test_100/enformer/SLC41A2_chr12_104958290_-.pickle,131.30045,4.4704847,4.4368834,SLC41A2_chr12_104958290_-,enhancing,GM12878
18479,0.98466074,../results//context_dependence_test_100/enformer/CDKN2AIPNL_chr5_134411881_-.pickle,385.5943,7.1857367,5.9147267,CDKN2AIPNL_chr5_134411881_-,enhancing,GM12878
17183,0.98717195,../results//context_dependence_test_100/enformer/ANKRD13A_chr12_109999429_+.pickle,319.22668,7.635125,4.095073,ANKRD13A_chr12_109999429_+,enhancing,GM12878
10900,0.96925306,../results//context_dependence_test_100/enformer/POPDC3_chr6_105180014_-.pickle,72.98426,1.8806312,2.2440438,POPDC3_chr6_105180014_-,enhancing,GM12878
12189,0.9737252,../results//context_dependence_test_100/enformer/SH2B2_chr7_102286867_+.pickle,118.89487,4.6519628,3.12394,SH2B2_chr7_102286867_+,enhancing,GM12878
11791,0.9735817,../results//context_dependence_test_100/enformer/FGL2_chr7_77199819_-.pickle,104.26835,3.1102057,2.75459,FGL2_chr7_77199819_-,enhancing,GM12878
11648,0.95214796,../results//context_dependence_test_100/enformer/ITK_chr5_157180839_+.pickle,98.73658,2.5353453,4.7247443,ITK_chr5_157180839_+,enhancing,GM12878
12839,0.9917893,../results//context_dependence_test_100/enformer/SNRPN_chr15_24955004_+.pickle,143.41591,2.2571065,1.1775575,SNRPN_chr15_24955004_+,enhancing,GM12878
10952,0.987089,../results//context_dependence_test_100/enformer/TUBB2B_chr6_3227653_-.pickle,74.72732,4.9653063,0.9648093,TUBB2B_chr6_3227653_-,enhancing,GM12878
10631,0.975024,../results//context_dependence_test_100/enformer/IL12RB1_chr19_18086932_-.pickle,64.68856,1.112504,1.6156607,IL12RB1_chr19_18086932_-,enhancing,GM12878
11306,0.953879,../results//context_dependence_test_100/enformer/MS4A14_chr11_60378529_+.pickle,86.64894,4.300155,3.99634,MS4A14_chr11_60378529_+,enhancing,GM12878
10979,0.99781185,../results//context_dependence_test_100/enformer/NUDT13_chr10_73110454_+.pickle,75.73782,0.06790181,0.16572388,NUDT13_chr10_73110454_+,enhancing,GM12878
11593,0.98786205,../results//context_dependence_test_100/enformer/IL10_chr1_206772494_-.pickle,96.750206,1.3970215,1.1743482,IL10_chr1_206772494_-,enhancing,GM12878
14708,0.9915946,../results//context_dependence_test_100/enformer/PTPRJ_chr11_47980579_+.pickle,214.02188,3.2046714,1.7989419,PTPRJ_chr11_47980579_+,enhancing,GM12878
10983,0.99392295,../results//context_dependence_test_100/enformer/CHL1_chr3_196762_+.pickle,75.93333,0.6490102,0.46145096,CHL1_chr3_196762_+,enhancing,GM12878
12853,0.9919589,../results//context_dependence_test_100/enformer/HLA-DQB2_chr6_32763490_-.pickle,143.8348,3.614143,1.1565813,HLA-DQB2_chr6_32763490_-,enhancing,GM12878
10628,0.9892789,../results//context_dependence_test_100/enformer/ZNF90_chr19_20077999_+.pickle,64.59911,0.54839826,0.6925726,ZNF90_chr19_20077999_+,enhancing,GM12878
10175,0.99010384,../results//context_dependence_test_100/enformer/ZNF727_chr7_64045433_+.pickle,50.407227,0.16200912,0.49883825,ZNF727_chr7_64045433_+,enhancing,GM12878
10292,0.997169,../results//context_dependence_test_100/enformer/CD1C_chr1_158289922_+.pickle,53.927605,0.028275834,0.15266702,CD1C_chr1_158289922_+,enhancing,GM12878
11615,0.99707305,../results//context_dependence_test_100/enformer/ZKSCAN4_chr6_28252269_-.pickle,97.54513,0.41689974,0.28550547,ZKSCAN4_chr6_28252269_-,enhancing,GM12878
11285,0.9820946,../results//context_dependence_test_100/enformer/PLEKHM3_chr2_208025527_-.pickle,85.62877,0.89004856,1.5332165,PLEKHM3_chr2_208025527_-,enhancing,GM12878
13616,0.95647585,../results//context_dependence_test_100/enformer/TMEM242_chr6_157323519_-.pickle,172.1489,7.5808167,7.4926314,TMEM242_chr6_157323519_-,enhancing,GM12878
11962,0.98408085,../results//context_dependence_test_100/enformer/VNN2_chr6_132763447_-.pickle,110.191666,1.7476192,1.7541589,VNN2_chr6_132763447_-,enhancing,GM12878
10625,0.97806513,../results//context_dependence_test_100/enformer/CTLA4_chr2_203867770_+.pickle,64.56564,1.4760754,1.4162419,CTLA4_chr2_203867770_+,enhancing,GM12878
16261,0.9934255,../results//context_dependence_test_100/enformer/SUPV3L1_chr10_69180233_+.pickle,278.3262,7.008754,1.8298706,SUPV3L1_chr10_69180233_+,enhancing,GM12878
12536,0.9741375,../results//context_dependence_test_100/enformer/CKB_chr14_103522830_-.pickle,132.42935,8.784253,3.4249501,CKB_chr14_103522830_-,enhancing,GM12878
14053,0.98597604,../results//context_dependence_test_100/enformer/TNFRSF18_chr1_1206571_-.pickle,188.61362,1.0554326,2.645113,TNFRSF18_chr1_1206571_-,enhancing,GM12878
15172,0.96951437,../results//context_dependence_test_100/enformer/TXNIP_chr1_145996579_-.pickle,232.05002,5.6608562,7.0741825,TXNIP_chr1_145996579_-,enhancing,GM12878
12774,0.99427485,../results//context_dependence_test_100/enformer/PHYHIPL_chr10_59176642_+.pickle,141.19598,2.4474664,0.80835986,PHYHIPL_chr10_59176642_+,enhancing,GM12878
11334,0.9552136,../results//context_dependence_test_100/enformer/TBC1D4_chr13_75482114_-.pickle,87.71309,1.5516315,3.9283514,TBC1D4_chr13_75482114_-,enhancing,GM12878
11620,0.9808916,../results//context_dependence_test_100/enformer/CD44_chr11_35139169_+.pickle,97.9007,4.5741396,1.8707309,CD44_chr11_35139169_+,enhancing,GM12878
16207,0.9850983,../results//context_dependence_test_100/enformer/CR2_chr1_207454327_+.pickle,275.97827,4.575701,4.112548,CR2_chr1_207454327_+,enhancing,GM12878
10819,0.9860599,../results//context_dependence_test_100/enformer/ZNF681_chr19_23758891_-.pickle,70.55659,1.1072309,0.98356295,ZNF681_chr19_23758891_-,enhancing,GM12878
18629,0.99535114,../results//context_dependence_test_100/enformer/NUP85_chr17_75205706_+.pickle,393.80417,3.1636853,1.83074,NUP85_chr17_75205706_+,enhancing,GM12878
12399,0.9858554,../results//context_dependence_test_100/enformer/PLAAT3_chr11_63614433_-.pickle,127.20178,2.7286181,1.7992206,PLAAT3_chr11_63614433_-,enhancing,GM12878
10111,-0.039256632,../results//context_dependence_test_100/enformer/ZFP14_chr19_36379201_-.pickle,48.64953,9.078238,50.559345,ZFP14_chr19_36379201_-,neutral,GM12878
10143,0.017963933,../results//context_dependence_test_100/enformer/FSIP1_chr15_39782841_-.pickle,49.40459,11.013144,48.51709,FSIP1_chr15_39782841_-,neutral,GM12878
10378,-0.008449728,../results//context_dependence_test_100/enformer/PPP2R5B_chr11_64924688_+.pickle,55.97989,15.899908,56.452904,PPP2R5B_chr11_64924688_+,neutral,GM12878
10394,0.006405421,../results//context_dependence_test_100/enformer/ZNF181_chr19_34734242_+.pickle,56.446068,17.952911,56.084507,ZNF181_chr19_34734242_+,neutral,GM12878
10503,-0.0112328185,../results//context_dependence_test_100/enformer/ENSG00000288000_chr20_43458053_+.pickle,60.02243,8.296869,60.69665,ENSG00000288000_chr20_43458053_+,neutral,GM12878
10558,0.01531916,../results//context_dependence_test_100/enformer/ZNF180_chr19_44500522_-.pickle,61.909058,9.624,60.960663,ZNF180_chr19_44500522_-,neutral,GM12878
10584,-0.027078025,../results//context_dependence_test_100/enformer/CYB5D1_chr17_7858029_+.pickle,62.87835,10.335764,64.58097,CYB5D1_chr17_7858029_+,neutral,GM12878
10593,0.0270776,../results//context_dependence_test_100/enformer/HCFC2_chr12_104064530_+.pickle,63.180252,9.757239,61.469482,HCFC2_chr12_104064530_+,neutral,GM12878
10638,-0.004410089,../results//context_dependence_test_100/enformer/CYP4V2_chr4_186191566_+.pickle,64.97656,8.524696,65.263115,CYP4V2_chr4_186191566_+,neutral,GM12878
10775,0.033842176,../results//context_dependence_test_100/enformer/ZNF175_chr19_51571303_+.pickle,69.3306,15.876917,66.9843,ZNF175_chr19_51571303_+,neutral,GM12878
10813,0.0012481567,../results//context_dependence_test_100/enformer/CDT1_chr16_88803788_+.pickle,70.41634,10.257135,70.32845,CDT1_chr16_88803788_+,neutral,GM12878
10903,0.04996209,../results//context_dependence_test_100/enformer/ZNF552_chr19_57814913_-.pickle,73.221565,15.888407,69.56326,ZNF552_chr19_57814913_-,neutral,GM12878
10923,-0.035082176,../results//context_dependence_test_100/enformer/XYLB_chr3_38346784_+.pickle,74.022934,23.449768,76.61982,XYLB_chr3_38346784_+,neutral,GM12878
10967,-0.038383327,../results//context_dependence_test_100/enformer/ZEB2_chr2_144520102_-.pickle,75.259895,23.08245,78.14862,ZEB2_chr2_144520102_-,neutral,GM12878
11093,0.0376809,../results//context_dependence_test_100/enformer/FBXO30_chr6_145814795_-.pickle,79.304726,17.112156,76.31645,FBXO30_chr6_145814795_-,neutral,GM12878
11131,-0.013807838,../results//context_dependence_test_100/enformer/HES1_chr3_194136147_+.pickle,80.256004,16.918434,81.36417,HES1_chr3_194136147_+,neutral,GM12878
11135,0.016829226,../results//context_dependence_test_100/enformer/ENSG00000269533_chr19_57390007_+.pickle,80.42332,18.011103,79.069855,ENSG00000269533_chr19_57390007_+,neutral,GM12878
11215,-0.038576223,../results//context_dependence_test_100/enformer/ZNF44_chr19_12294883_-.pickle,83.32894,14.823061,86.54346,ZNF44_chr19_12294883_-,neutral,GM12878
11246,0.03670903,../results//context_dependence_test_100/enformer/TNFRSF10D_chr8_23164027_-.pickle,84.25664,27.856812,81.16366,TNFRSF10D_chr8_23164027_-,neutral,GM12878
11385,0.022749174,../results//context_dependence_test_100/enformer/ANXA1_chr9_73151864_+.pickle,89.635056,22.637295,87.59593,ANXA1_chr9_73151864_+,neutral,GM12878
11605,-0.028503923,../results//context_dependence_test_100/enformer/IFIT2_chr10_89302045_+.pickle,97.19234,20.426544,99.9627,IFIT2_chr10_89302045_+,neutral,GM12878
11793,0.015830684,../results//context_dependence_test_100/enformer/RELL2_chr5_141637011_+.pickle,104.23239,26.374529,102.58232,RELL2_chr5_141637011_+,neutral,GM12878
11960,-0.03365086,../results//context_dependence_test_100/enformer/ZNF222_chr19_44025378_+.pickle,110.179016,23.926218,113.886635,ZNF222_chr19_44025378_+,neutral,GM12878
11971,0.034651484,../results//context_dependence_test_100/enformer/AARS2_chr6_44313347_-.pickle,110.59616,18.692488,106.76384,AARS2_chr6_44313347_-,neutral,GM12878
12083,0.043128785,../results//context_dependence_test_100/enformer/SETMAR_chr3_4303368_+.pickle,114.787674,18.03352,109.83702,SETMAR_chr3_4303368_+,neutral,GM12878
12125,0.047666218,../results//context_dependence_test_100/enformer/RPUSD1_chr16_788397_-.pickle,116.24874,10.350353,110.7076,RPUSD1_chr16_788397_-,neutral,GM12878
12148,-0.006027572,../results//context_dependence_test_100/enformer/ZNF587_chr19_57849858_+.pickle,117.299515,20.804451,118.006546,ZNF587_chr19_57849858_+,neutral,GM12878
12168,-0.030180266,../results//context_dependence_test_100/enformer/JRK_chr8_142669970_-.pickle,118.12363,15.129028,121.68863,JRK_chr8_142669970_-,neutral,GM12878
12181,-0.024102792,../results//context_dependence_test_100/enformer/NUDT16L1_chr16_4693717_+.pickle,118.511925,25.889355,121.36839,NUDT16L1_chr16_4693717_+,neutral,GM12878
12209,0.030251274,../results//context_dependence_test_100/enformer/CAB39L_chr13_49444053_-.pickle,120.03369,33.135098,116.40252,CAB39L_chr13_49444053_-,neutral,GM12878
12246,-0.023381598,../results//context_dependence_test_100/enformer/ZNF559-ZNF177_chr19_9324173_+.pickle,121.40186,20.02628,124.24043,ZNF559-ZNF177_chr19_9324173_+,neutral,GM12878
12255,-0.026838528,../results//context_dependence_test_100/enformer/C10orf88_chr10_122954227_-.pickle,121.77739,23.95459,125.045715,C10orf88_chr10_122954227_-,neutral,GM12878
12463,0.0009496959,../results//context_dependence_test_100/enformer/ZNF559_chr19_9324178_+.pickle,129.08249,21.006105,128.9599,ZNF559_chr19_9324178_+,neutral,GM12878
12527,0.0138097005,../results//context_dependence_test_100/enformer/BLZF1_chr1_169368194_+.pickle,132.1179,15.242815,130.2934,BLZF1_chr1_169368194_+,neutral,GM12878
12563,-0.032251805,../results//context_dependence_test_100/enformer/CBX4_chr17_79839440_-.pickle,133.26825,14.885902,137.56639,CBX4_chr17_79839440_-,neutral,GM12878
12800,0.037353262,../results//context_dependence_test_100/enformer/ZNF765_chr19_53395148_+.pickle,142.32654,26.000698,137.01018,ZNF765_chr19_53395148_+,neutral,GM12878
12820,-0.027803343,../results//context_dependence_test_100/enformer/REEP5_chr5_112922227_-.pickle,142.66185,46.35917,146.62833,REEP5_chr5_112922227_-,neutral,GM12878
12866,-0.020909356,../results//context_dependence_test_100/enformer/CCT6B_chr17_34961460_-.pickle,144.22955,8.882098,147.2453,CCT6B_chr17_34961460_-,neutral,GM12878
12893,-0.009300387,../results//context_dependence_test_100/enformer/FKBP1C_chr6_63211445_+.pickle,145.00659,7.39195,146.35521,FKBP1C_chr6_63211445_+,neutral,GM12878
13005,-0.04939537,../results//context_dependence_test_100/enformer/ALG10B_chr12_38316773_+.pickle,148.90915,33.013515,156.26457,ALG10B_chr12_38316773_+,neutral,GM12878
13085,-0.034799878,../results//context_dependence_test_100/enformer/HNF1B_chr17_37745059_-.pickle,152.12189,24.33515,157.41571,HNF1B_chr17_37745059_-,neutral,GM12878
13135,-0.0023144523,../results//context_dependence_test_100/enformer/RNF146_chr6_127266863_+.pickle,153.98871,21.635952,154.34511,RNF146_chr6_127266863_+,neutral,GM12878
13158,0.03528375,../results//context_dependence_test_100/enformer/ZNF830_chr17_34961539_+.pickle,154.66866,10.636102,149.21136,ZNF830_chr17_34961539_+,neutral,GM12878
13162,-0.033404697,../results//context_dependence_test_100/enformer/SETD6_chr16_58515481_+.pickle,154.68135,12.82147,159.84843,SETD6_chr16_58515481_+,neutral,GM12878
13229,0.04834923,../results//context_dependence_test_100/enformer/EXOC8_chr1_231337852_-.pickle,156.92818,12.771406,149.34082,EXOC8_chr1_231337852_-,neutral,GM12878
13314,-0.0011454955,../results//context_dependence_test_100/enformer/ATG16L2_chr11_72814405_+.pickle,160.03476,23.034313,160.21808,ATG16L2_chr11_72814405_+,neutral,GM12878
13333,0.007708216,../results//context_dependence_test_100/enformer/ZNF160_chr19_53103403_-.pickle,160.74332,32.73596,159.50427,ZNF160_chr19_53103403_-,neutral,GM12878
13460,-0.04020308,../results//context_dependence_test_100/enformer/MIS12_chr17_5486565_+.pickle,165.98166,22.799347,172.65463,MIS12_chr17_5486565_+,neutral,GM12878
13530,0.0049406523,../results//context_dependence_test_100/enformer/HNRNPA3_chr2_177212748_+.pickle,168.96106,12.42668,168.12628,HNRNPA3_chr2_177212748_+,neutral,GM12878
13644,0.007620156,../results//context_dependence_test_100/enformer/TSSC4_chr11_2400749_+.pickle,172.89136,16.786415,171.5739,TSSC4_chr11_2400749_+,neutral,GM12878
13717,0.02950743,../results//context_dependence_test_100/enformer/ALCAM_chr3_105366908_+.pickle,175.3626,15.537796,170.1881,ALCAM_chr3_105366908_+,neutral,GM12878
13748,-0.04417046,../results//context_dependence_test_100/enformer/TRIP13_chr5_892883_+.pickle,176.52373,15.906374,184.32086,TRIP13_chr5_892883_+,neutral,GM12878
13750,0.0056956057,../results//context_dependence_test_100/enformer/ZNF131_chr5_43121507_+.pickle,176.6295,19.0648,175.62349,ZNF131_chr5_43121507_+,neutral,GM12878
13756,0.015375746,../results//context_dependence_test_100/enformer/C18orf21_chr18_35972678_+.pickle,176.86931,16.860786,174.14981,C18orf21_chr18_35972678_+,neutral,GM12878
13776,0.0006540289,../results//context_dependence_test_100/enformer/S100A10_chr1_151993859_-.pickle,177.59138,29.54203,177.47523,S100A10_chr1_151993859_-,neutral,GM12878
13785,0.034524452,../results//context_dependence_test_100/enformer/ZFX_chrX_24149644_+.pickle,178.01157,12.927874,171.86581,ZFX_chrX_24149644_+,neutral,GM12878
13828,0.008763396,../results//context_dependence_test_100/enformer/NRBF2_chr10_63133327_+.pickle,179.84116,16.903526,178.26514,NRBF2_chr10_63133327_+,neutral,GM12878
13831,-0.042646307,../results//context_dependence_test_100/enformer/TTC21B_chr2_165953776_-.pickle,179.77734,31.085669,187.44418,TTC21B_chr2_165953776_-,neutral,GM12878
13848,-0.026676964,../results//context_dependence_test_100/enformer/LRRC8B_chr1_89524853_+.pickle,180.53008,22.867786,185.34607,LRRC8B_chr1_89524853_+,neutral,GM12878
13910,0.04957849,../results//context_dependence_test_100/enformer/ZNF560_chr19_9498616_-.pickle,182.91869,17.164139,173.84985,ZNF560_chr19_9498616_-,neutral,GM12878
13927,0.046047438,../results//context_dependence_test_100/enformer/GSK3B_chr3_120094447_-.pickle,183.43576,14.364916,174.98901,GSK3B_chr3_120094447_-,neutral,GM12878
13944,-0.03253654,../results//context_dependence_test_100/enformer/N4BP2L1_chr13_32428178_-.pickle,184.0976,22.785141,190.0875,N4BP2L1_chr13_32428178_-,neutral,GM12878
13982,-0.006021855,../results//context_dependence_test_100/enformer/EIF1B_chr3_40309706_+.pickle,185.2941,18.829735,186.40991,EIF1B_chr3_40309706_+,neutral,GM12878
14004,0.024890732,../results//context_dependence_test_100/enformer/R3HCC1L_chr10_98134656_+.pickle,186.77704,26.292048,182.12802,R3HCC1L_chr10_98134656_+,neutral,GM12878
14026,-0.017671319,../results//context_dependence_test_100/enformer/CBLB_chr3_105869043_-.pickle,187.71313,20.572258,191.03027,CBLB_chr3_105869043_-,neutral,GM12878
14094,-0.019220486,../results//context_dependence_test_100/enformer/PARP12_chr7_140062951_-.pickle,190.10287,22.198614,193.75674,PARP12_chr7_140062951_-,neutral,GM12878
14159,0.046929207,../results//context_dependence_test_100/enformer/USP38_chr4_143184916_+.pickle,192.73317,14.247314,183.68835,USP38_chr4_143184916_+,neutral,GM12878
14210,0.026889786,../results//context_dependence_test_100/enformer/ZFY_chrY_2935380_+.pickle,194.57635,24.883728,189.34424,ZFY_chrY_2935380_+,neutral,GM12878
14212,-0.005605957,../results//context_dependence_test_100/enformer/PNPLA8_chr7_108526135_-.pickle,194.47348,20.390785,195.56369,PNPLA8_chr7_108526135_-,neutral,GM12878
14222,-0.037448507,../results//context_dependence_test_100/enformer/GMPPB_chr3_49723973_-.pickle,194.87616,18.894424,202.17398,GMPPB_chr3_49723973_-,neutral,GM12878
14398,0.027733618,../results//context_dependence_test_100/enformer/PIK3CG_chr7_106865281_+.pickle,200.86926,22.236282,195.29843,PIK3CG_chr7_106865281_+,neutral,GM12878
14435,0.031719185,../results//context_dependence_test_100/enformer/ENSG00000111780_chr12_120438197_+.pickle,202.43477,6.6651464,196.0137,ENSG00000111780_chr12_120438197_+,neutral,GM12878
14507,0.029577581,../results//context_dependence_test_100/enformer/RIGI_chr9_32526196_-.pickle,205.13968,26.711502,199.07214,RIGI_chr9_32526196_-,neutral,GM12878
14550,-0.02241063,../results//context_dependence_test_100/enformer/MIEF1_chr22_39502289_+.pickle,206.89207,20.544954,211.52866,MIEF1_chr22_39502289_+,neutral,GM12878
14593,0.02966389,../results//context_dependence_test_100/enformer/PIGC_chr1_172444069_-.pickle,208.6641,28.660084,202.4743,PIGC_chr1_172444069_-,neutral,GM12878
14602,-0.030520985,../results//context_dependence_test_100/enformer/IRAK1_chrX_154019902_-.pickle,208.98767,20.773037,215.36618,IRAK1_chrX_154019902_-,neutral,GM12878
14925,0.032783683,../results//context_dependence_test_100/enformer/PLK4_chr4_127880926_+.pickle,223.36581,17.798326,216.04306,PLK4_chr4_127880926_+,neutral,GM12878
14928,0.01539997,../results//context_dependence_test_100/enformer/FBXL12_chr19_9827816_-.pickle,223.292,9.624333,219.85332,FBXL12_chr19_9827816_-,neutral,GM12878
14985,0.048020888,../results//context_dependence_test_100/enformer/SLC30A7_chr1_100896089_+.pickle,225.25616,22.744434,214.43916,SLC30A7_chr1_100896089_+,neutral,GM12878
15110,-0.046659473,../results//context_dependence_test_100/enformer/ZWILCH_chr15_66504958_+.pickle,229.93253,8.788283,240.66106,ZWILCH_chr15_66504958_+,neutral,GM12878
15193,0.0090032825,../results//context_dependence_test_100/enformer/GNG5_chr1_84506273_-.pickle,233.00319,10.864155,230.9054,GNG5_chr1_84506273_-,neutral,GM12878
15416,0.029872099,../results//context_dependence_test_100/enformer/INTS6_chr13_51453036_-.pickle,243.27554,25.046925,236.00839,INTS6_chr13_51453036_-,neutral,GM12878
15462,0.018149441,../results//context_dependence_test_100/enformer/ASDURF_chr2_189661520_+.pickle,245.41849,18.297447,240.96428,ASDURF_chr2_189661520_+,neutral,GM12878
15506,-0.006507554,../results//context_dependence_test_100/enformer/SQSTM1_chr5_179820904_+.pickle,247.0813,22.136017,248.6892,SQSTM1_chr5_179820904_+,neutral,GM12878
15543,0.009578776,../results//context_dependence_test_100/enformer/SMS_chrX_21940708_+.pickle,248.45694,37.983036,246.07703,SMS_chrX_21940708_+,neutral,GM12878
15565,-0.031630516,../results//context_dependence_test_100/enformer/BTBD10_chr11_13463222_-.pickle,249.33795,36.299053,257.22464,BTBD10_chr11_13463222_-,neutral,GM12878
15568,0.04025563,../results//context_dependence_test_100/enformer/MBD5_chr2_148021090_+.pickle,249.02805,18.640476,239.00327,MBD5_chr2_148021090_+,neutral,GM12878
15616,0.042720605,../results//context_dependence_test_100/enformer/ADAM8_chr10_133276850_-.pickle,251.21927,20.136917,240.48703,ADAM8_chr10_133276850_-,neutral,GM12878
15648,-0.020954479,../results//context_dependence_test_100/enformer/UXT_chrX_47659180_-.pickle,252.43784,14.821494,257.72754,UXT_chrX_47659180_-,neutral,GM12878
15681,0.00012705482,../results//context_dependence_test_100/enformer/CEP170_chr1_243255281_-.pickle,254.12335,18.851898,254.09106,CEP170_chr1_243255281_-,neutral,GM12878
15702,0.038230766,../results//context_dependence_test_100/enformer/TUBB_chr6_30720351_+.pickle,254.91527,10.944256,245.16966,TUBB_chr6_30720351_+,neutral,GM12878
15800,-0.034627568,../results//context_dependence_test_100/enformer/HSPA9_chr5_138575431_-.pickle,258.82715,14.698517,267.7897,HSPA9_chr5_138575431_-,neutral,GM12878
15882,0.015145029,../results//context_dependence_test_100/enformer/TLE4_chr9_79571964_+.pickle,261.33234,20.277855,257.37445,TLE4_chr9_79571964_+,neutral,GM12878
15902,0.01404417,../results//context_dependence_test_100/enformer/POP5_chr12_120581379_-.pickle,262.47754,20.306133,258.79126,POP5_chr12_120581379_-,neutral,GM12878
15919,0.003100228,../results//context_dependence_test_100/enformer/CLHC1_chr2_55232563_-.pickle,263.10123,7.817328,262.28555,CLHC1_chr2_55232563_-,neutral,GM12878
15970,0.033684406,../results//context_dependence_test_100/enformer/SGO1_chr3_20186206_-.pickle,265.3341,18.758186,256.39648,SGO1_chr3_20186206_-,neutral,GM12878
15990,0.036735468,../results//context_dependence_test_100/enformer/STOML1_chr15_73994622_-.pickle,266.38138,15.620411,256.59573,STOML1_chr15_73994622_-,neutral,GM12878
16002,0.03381847,../results//context_dependence_test_100/enformer/GLS_chr2_190880820_+.pickle,267.37207,18.358364,258.32996,GLS_chr2_190880820_+,neutral,GM12878
16105,-0.026292749,../results//context_dependence_test_100/enformer/TTK_chr6_80004648_+.pickle,272.15143,20.897602,279.30704,TTK_chr6_80004648_+,neutral,GM12878
16110,-0.037195113,../results//context_dependence_test_100/enformer/C4orf46_chr4_158671887_-.pickle,272.2025,27.141644,282.32712,C4orf46_chr4_158671887_-,neutral,GM12878
16202,-0.04805488,../results//context_dependence_test_100/enformer/INPP5D_chr2_233060341_+.pickle,275.8636,15.558224,289.12018,INPP5D_chr2_233060341_+,neutral,GM12878
16210,-0.010973913,../results//context_dependence_test_100/enformer/POGK_chr1_166839474_+.pickle,276.13428,28.76926,279.16455,POGK_chr1_166839474_+,neutral,GM12878
16221,-0.035416756,../results//context_dependence_test_100/enformer/PACC1_chr1_212414886_-.pickle,276.41962,33.165394,286.2095,PACC1_chr1_212414886_-,neutral,GM12878
16306,0.035574723,../results//context_dependence_test_100/enformer/C3orf38_chr3_88149958_+.pickle,280.0236,23.667137,270.06183,C3orf38_chr3_88149958_+,neutral,GM12878
16320,0.03996472,../results//context_dependence_test_100/enformer/YTHDC1_chr4_68350090_-.pickle,280.7423,12.717396,269.52252,YTHDC1_chr4_68350090_-,neutral,GM12878
16347,-0.029368991,../results//context_dependence_test_100/enformer/TRIM38_chr6_25962801_+.pickle,281.6941,17.766563,289.96716,TRIM38_chr6_25962801_+,neutral,GM12878
16352,-0.04483381,../results//context_dependence_test_100/enformer/YTHDF3_chr8_63168620_+.pickle,281.8855,22.22981,294.5235,YTHDF3_chr8_63168620_+,neutral,GM12878
16368,-0.0019223483,../results//context_dependence_test_100/enformer/SLC2A6_chr9_133479099_-.pickle,282.84766,27.951378,283.3914,SLC2A6_chr9_133479099_-,neutral,GM12878
16375,-0.03775398,../results//context_dependence_test_100/enformer/PDLIM5_chr4_94451934_+.pickle,283.22662,35.690033,293.91956,PDLIM5_chr4_94451934_+,neutral,GM12878
16444,0.03810966,../results//context_dependence_test_100/enformer/DNAJB9_chr7_108569873_+.pickle,286.38092,25.04953,275.46704,DNAJB9_chr7_108569873_+,neutral,GM12878
16612,-0.031967953,../results//context_dependence_test_100/enformer/TNKS2_chr10_91798425_+.pickle,293.45337,23.9155,302.83447,TNKS2_chr10_91798425_+,neutral,GM12878
16884,-0.0011965533,../results//context_dependence_test_100/enformer/CKAP2L_chr2_112764609_-.pickle,305.39172,31.253815,305.75714,CKAP2L_chr2_112764609_-,neutral,GM12878
16927,-0.004565175,../results//context_dependence_test_100/enformer/NOP2_chr12_6568278_-.pickle,307.03583,25.89598,308.4375,NOP2_chr12_6568278_-,neutral,GM12878
16943,0.0009667595,../results//context_dependence_test_100/enformer/CHMP2B_chr3_87227311_+.pickle,307.49295,31.075722,307.19568,CHMP2B_chr3_87227311_+,neutral,GM12878
16953,0.043693166,../results//context_dependence_test_100/enformer/CASC3_chr17_40140536_+.pickle,308.00195,20.950127,294.54437,CASC3_chr17_40140536_+,neutral,GM12878
17082,-0.028184053,../results//context_dependence_test_100/enformer/KIF20B_chr10_89701589_+.pickle,314.78827,26.36446,323.66028,KIF20B_chr10_89701589_+,neutral,GM12878
17134,0.04423567,../results//context_dependence_test_100/enformer/HUS1_chr7_47979553_-.pickle,317.20416,23.42988,303.17242,HUS1_chr7_47979553_-,neutral,GM12878
17188,-0.01666316,../results//context_dependence_test_100/enformer/ZNF92_chr7_65373854_+.pickle,319.3958,31.787266,324.71796,ZNF92_chr7_65373854_+,neutral,GM12878
17207,0.0440073,../results//context_dependence_test_100/enformer/MRPL17_chr11_6683340_-.pickle,320.41956,19.244392,306.31876,MRPL17_chr11_6683340_-,neutral,GM12878
17247,0.047322743,../results//context_dependence_test_100/enformer/PAPSS1_chr4_107720234_-.pickle,321.6632,33.754562,306.44122,PAPSS1_chr4_107720234_-,neutral,GM12878
17296,-0.04207507,../results//context_dependence_test_100/enformer/HSPA5_chr9_125241343_-.pickle,323.67218,22.779194,337.2907,HSPA5_chr9_125241343_-,neutral,GM12878
17348,0.04409081,../results//context_dependence_test_100/enformer/SURF6_chr9_133336188_-.pickle,325.80948,24.80415,311.44427,SURF6_chr9_133336188_-,neutral,GM12878
17449,0.04750622,../results//context_dependence_test_100/enformer/RPS4X_chrX_72277248_-.pickle,330.6092,22.33664,314.9032,RPS4X_chrX_72277248_-,neutral,GM12878
17641,0.0065656053,../results//context_dependence_test_100/enformer/ATXN7L3B_chr12_74537834_+.pickle,339.2461,18.31789,337.01874,ATXN7L3B_chr12_74537834_+,neutral,GM12878
17684,0.01878258,../results//context_dependence_test_100/enformer/RPL4_chr15_66504855_-.pickle,341.1439,18.328396,334.73633,RPL4_chr15_66504855_-,neutral,GM12878
17695,0.0346411,../results//context_dependence_test_100/enformer/MAD2L1_chr4_120066848_-.pickle,341.705,17.81103,329.86795,MAD2L1_chr4_120066848_-,neutral,GM12878
17783,0.019220917,../results//context_dependence_test_100/enformer/NEPRO_chr3_113019671_-.pickle,347.41702,31.666286,340.73935,NEPRO_chr3_113019671_-,neutral,GM12878
17791,0.017819772,../results//context_dependence_test_100/enformer/FTH1_chr11_61967631_-.pickle,347.898,38.04986,341.69855,FTH1_chr11_61967631_-,neutral,GM12878
17897,0.046194404,../results//context_dependence_test_100/enformer/ANXA5_chr4_121696966_-.pickle,354.4696,38.101715,338.0951,ANXA5_chr4_121696966_-,neutral,GM12878
18027,-0.041068666,../results//context_dependence_test_100/enformer/MRFAP1_chr4_6640684_+.pickle,362.523,15.026127,377.41135,MRFAP1_chr4_6640684_+,neutral,GM12878
18029,-0.033385865,../results//context_dependence_test_100/enformer/TXNDC17_chr17_6641042_+.pickle,362.61273,23.592457,374.71887,TXNDC17_chr17_6641042_+,neutral,GM12878
18038,-0.027471002,../results//context_dependence_test_100/enformer/ZFR_chr5_32444740_-.pickle,363.44366,21.5082,373.42783,ZFR_chr5_32444740_-,neutral,GM12878
18210,-0.01143966,../results//context_dependence_test_100/enformer/DDX5_chr17_64506289_-.pickle,371.46118,12.64867,375.71057,DDX5_chr17_64506289_-,neutral,GM12878
18243,0.041318398,../results//context_dependence_test_100/enformer/PDCD2_chr6_170584615_-.pickle,372.89392,25.562778,357.48654,PDCD2_chr6_170584615_-,neutral,GM12878
18244,0.04351669,../results//context_dependence_test_100/enformer/PABPC1_chr8_100722087_-.pickle,373.03284,16.776201,356.79968,PABPC1_chr8_100722087_-,neutral,GM12878
18336,0.03286211,../results//context_dependence_test_100/enformer/ZNF638_chr2_71331781_+.pickle,378.10767,19.596386,365.68225,ZNF638_chr2_71331781_+,neutral,GM12878
18341,0.04393727,../results//context_dependence_test_100/enformer/CYCS_chr7_25125260_-.pickle,378.32898,23.243439,361.70624,CYCS_chr7_25125260_-,neutral,GM12878
18452,0.006972674,../results//context_dependence_test_100/enformer/TAF10_chr11_6612216_-.pickle,384.1158,11.855646,381.4375,TAF10_chr11_6612216_-,neutral,GM12878
18544,-0.043564696,../results//context_dependence_test_100/enformer/RPS20_chr8_56074498_-.pickle,389.05298,13.153738,406.00195,RPS20_chr8_56074498_-,neutral,GM12878
18610,0.048336964,../results//context_dependence_test_100/enformer/BIRC2_chr11_102347246_+.pickle,392.70963,18.67025,373.72723,BIRC2_chr11_102347246_+,neutral,GM12878
18669,0.0009834049,../results//context_dependence_test_100/enformer/RPL30_chr8_98045546_-.pickle,396.78238,10.207089,396.39218,RPL30_chr8_98045546_-,neutral,GM12878
18675,0.029389821,../results//context_dependence_test_100/enformer/MRPS30_chr5_44808946_+.pickle,397.1878,12.89315,385.51453,MRPS30_chr5_44808946_+,neutral,GM12878
18687,0.021786869,../results//context_dependence_test_100/enformer/DCUN1D5_chr11_103092160_-.pickle,397.76886,21.388706,389.10272,DCUN1D5_chr11_103092160_-,neutral,GM12878
18710,-0.046740834,../results//context_dependence_test_100/enformer/RPL8_chr8_144792389_-.pickle,399.05493,19.257336,417.7071,RPL8_chr8_144792389_-,neutral,GM12878
18783,0.0021981532,../results//context_dependence_test_100/enformer/RPL17_chr18_49492465_-.pickle,402.75397,28.97164,401.86865,RPL17_chr18_49492465_-,neutral,GM12878
18854,0.00031959885,../results//context_dependence_test_100/enformer/RPS13_chr11_17077666_-.pickle,406.58423,14.82197,406.45428,RPS13_chr11_17077666_-,neutral,GM12878
18863,0.03626707,../results//context_dependence_test_100/enformer/MARCHF7_chr2_159712505_+.pickle,407.1098,19.55703,392.34512,MARCHF7_chr2_159712505_+,neutral,GM12878
18903,-0.009438896,../results//context_dependence_test_100/enformer/PPP3R1_chr2_68252532_-.pickle,408.84436,17.318726,412.7034,PPP3R1_chr2_68252532_-,neutral,GM12878
18920,0.025084952,../results//context_dependence_test_100/enformer/METTL26_chr16_636302_-.pickle,409.79645,20.155111,399.51672,METTL26_chr16_636302_-,neutral,GM12878
18997,0.0204558,../results//context_dependence_test_100/enformer/RBM4_chr11_66638690_+.pickle,414.8438,22.06932,406.35785,RBM4_chr11_66638690_+,neutral,GM12878
19000,0.03333669,../results//context_dependence_test_100/enformer/BTF3_chr5_73498435_+.pickle,414.9301,18.502918,401.09772,BTF3_chr5_73498435_+,neutral,GM12878
19007,0.043925058,../results//context_dependence_test_100/enformer/RPS25_chr11_119018343_-.pickle,415.49567,11.667429,397.245,RPS25_chr11_119018343_-,neutral,GM12878
19023,0.039069347,../results//context_dependence_test_100/enformer/ATF4_chr22_39520563_+.pickle,416.82068,14.037957,400.53577,ATF4_chr22_39520563_+,neutral,GM12878
19036,-0.040317155,../results//context_dependence_test_100/enformer/BZW1_chr2_200811909_+.pickle,417.8009,17.048817,434.64545,BZW1_chr2_200811909_+,neutral,GM12878
19101,0.03856214,../results//context_dependence_test_100/enformer/COX7C_chr5_86617972_+.pickle,421.59796,12.590031,405.34024,COX7C_chr5_86617972_+,neutral,GM12878
19110,0.031893805,../results//context_dependence_test_100/enformer/CNOT2_chr12_70243432_+.pickle,422.61755,14.13797,409.13867,CNOT2_chr12_70243432_+,neutral,GM12878
19123,0.0072680446,../results//context_dependence_test_100/enformer/RPLP1_chr15_69452817_+.pickle,423.4057,17.832216,420.32837,RPLP1_chr15_69452817_+,neutral,GM12878
19188,0.027476253,../results//context_dependence_test_100/enformer/NFKBIA_chr14_35404746_-.pickle,428.7316,21.908817,416.95166,NFKBIA_chr14_35404746_-,neutral,GM12878
19285,-0.019251622,../results//context_dependence_test_100/enformer/TPT1_chr13_45341158_-.pickle,435.14084,11.615215,443.518,TPT1_chr13_45341158_-,neutral,GM12878
19347,-0.007673461,../results//context_dependence_test_100/enformer/SH3BGRL3_chr1_26280085_+.pickle,440.06622,22.276985,443.44305,SH3BGRL3_chr1_26280085_+,neutral,GM12878
19359,-0.042991426,../results//context_dependence_test_100/enformer/SERP1_chr3_150546499_-.pickle,440.43518,13.735329,459.37012,SERP1_chr3_150546499_-,neutral,GM12878
19402,-0.0023707303,../results//context_dependence_test_100/enformer/RPL5_chr1_92832039_+.pickle,444.3896,13.770811,445.4431,RPL5_chr1_92832039_+,neutral,GM12878
19480,0.038856927,../results//context_dependence_test_100/enformer/COX5B_chr2_97646061_+.pickle,450.16125,14.925285,432.66937,COX5B_chr2_97646061_+,neutral,GM12878
19498,0.032175526,../results//context_dependence_test_100/enformer/DYNLL1_chr12_120496100_+.pickle,452.05304,36.61097,437.508,DYNLL1_chr12_120496100_+,neutral,GM12878
19522,0.025531067,../results//context_dependence_test_100/enformer/PSMD6_chr3_64023472_-.pickle,454.53992,18.470375,442.93503,PSMD6_chr3_64023472_-,neutral,GM12878
19523,0.045176864,../results//context_dependence_test_100/enformer/ACTG1_chr17_81512790_-.pickle,454.55838,13.284614,434.02286,ACTG1_chr17_81512790_-,neutral,GM12878
19594,0.006430729,../results//context_dependence_test_100/enformer/SERF2_chr15_43792319_+.pickle,461.0147,18.901033,458.05005,SERF2_chr15_43792319_+,neutral,GM12878
19603,0.02132842,../results//context_dependence_test_100/enformer/EIF4G2_chr11_10808926_-.pickle,462.48218,16.607859,452.61816,EIF4G2_chr11_10808926_-,neutral,GM12878
19607,-0.026628034,../results//context_dependence_test_100/enformer/CFL1_chr11_65858180_-.pickle,462.5949,14.623772,474.9129,CFL1_chr11_65858180_-,neutral,GM12878
19611,-0.012491945,../results//context_dependence_test_100/enformer/RPS23_chr5_82278368_-.pickle,463.06696,11.308359,468.85156,RPS23_chr5_82278368_-,neutral,GM12878
19620,0.04227791,../results//context_dependence_test_100/enformer/RPL28_chr19_55385931_+.pickle,464.31384,16.799187,444.68362,RPL28_chr19_55385931_+,neutral,GM12878
19732,0.038445137,../results//context_dependence_test_100/enformer/RPL36_chr19_5690294_+.pickle,477.74503,23.186462,459.37805,RPL36_chr19_5690294_+,neutral,GM12878
19742,0.035276808,../results//context_dependence_test_100/enformer/DNAJA1_chr9_33025272_+.pickle,479.31207,25.166231,462.40347,DNAJA1_chr9_33025272_+,neutral,GM12878
19748,0.04223889,../results//context_dependence_test_100/enformer/PSMA1_chr11_14520363_-.pickle,480.69916,28.542007,460.39496,PSMA1_chr11_14520363_-,neutral,GM12878
19750,-0.014961136,../results//context_dependence_test_100/enformer/HNRNPA2B1_chr7_26200746_-.pickle,480.76428,12.8169985,487.95706,HNRNPA2B1_chr7_26200746_-,neutral,GM12878
19833,0.0015042878,../results//context_dependence_test_100/enformer/H2AZ1_chr4_99950275_-.pickle,498.79797,18.672062,498.04764,H2AZ1_chr4_99950275_-,neutral,GM12878
19837,-0.025340902,../results//context_dependence_test_100/enformer/RPS27A_chr2_55232687_+.pickle,500.55237,16.006481,513.2368,RPS27A_chr2_55232687_+,neutral,GM12878
19864,-0.011523746,../results//context_dependence_test_100/enformer/RPS24_chr10_78033862_+.pickle,510.02344,20.941849,515.9008,RPS24_chr10_78033862_+,neutral,GM12878
19875,0.035248782,../results//context_dependence_test_100/enformer/HLA-A_chr6_29942531_+.pickle,515.4203,27.14061,497.25235,HLA-A_chr6_29942531_+,neutral,GM12878
19886,0.043008845,../results//context_dependence_test_100/enformer/SSR3_chr3_156555117_-.pickle,519.54504,17.04228,497.2,SSR3_chr3_156555117_-,neutral,GM12878
19894,0.036012087,../results//context_dependence_test_100/enformer/HMGB2_chr4_173334358_-.pickle,521.26105,20.873322,502.48935,HMGB2_chr4_173334358_-,neutral,GM12878
19952,0.04449865,../results//context_dependence_test_100/enformer/HLA-C_chr6_31272086_-.pickle,557.6122,21.137123,532.7992,HLA-C_chr6_31272086_-,neutral,GM12878
19980,0.035014275,../results//context_dependence_test_100/enformer/HLA-B_chr6_31357179_-.pickle,624.81494,21.604702,602.9375,HLA-B_chr6_31357179_-,neutral,GM12878
10021,-0.36152497,../results//context_dependence_test_100/enformer/CHAC1_chr15_40953470_+.pickle,46.020737,23.108402,62.658382,CHAC1_chr15_40953470_+,silencing,GM12878
10051,-0.8646225,../results//context_dependence_test_100/enformer/NR4A2_chr2_156332762_-.pickle,47.03598,13.603018,87.704346,NR4A2_chr2_156332762_-,silencing,GM12878
10081,-0.6868041,../results//context_dependence_test_100/enformer/ZNF211_chr19_57633198_+.pickle,47.976906,20.520178,80.92764,ZNF211_chr19_57633198_+,silencing,GM12878
10109,-1.0503784,../results//context_dependence_test_100/enformer/HS3ST3B1_chr17_14301080_+.pickle,48.59336,28.712023,99.63478,HS3ST3B1_chr17_14301080_+,silencing,GM12878
10125,-2.3241553,../results//context_dependence_test_100/enformer/ZNF595_chr4_53294_+.pickle,49.029316,8.094775,162.98106,ZNF595_chr4_53294_+,silencing,GM12878
10242,-0.47602844,../results//context_dependence_test_100/enformer/SNAP25_chr20_10218866_+.pickle,52.43279,15.196266,77.39229,SNAP25_chr20_10218866_+,silencing,GM12878
10250,-1.0308536,../results//context_dependence_test_100/enformer/ZNF555_chr19_2841474_+.pickle,52.54952,22.008417,106.72038,ZNF555_chr19_2841474_+,silencing,GM12878
10275,-0.34780884,../results//context_dependence_test_100/enformer/EMILIN2_chr18_2847005_+.pickle,53.329277,26.5154,71.87767,EMILIN2_chr18_2847005_+,silencing,GM12878
10290,-0.648841,../results//context_dependence_test_100/enformer/TCF7L2_chr10_112950246_+.pickle,53.9021,22.056288,88.87599,TCF7L2_chr10_112950246_+,silencing,GM12878
10312,-0.5467428,../results//context_dependence_test_100/enformer/ZNF599_chr19_34773229_-.pickle,54.71794,14.222443,84.63458,ZNF599_chr19_34773229_-,silencing,GM12878
10340,-0.59207886,../results//context_dependence_test_100/enformer/ZNF717_chr3_75785549_-.pickle,55.297287,19.380587,88.03764,ZNF717_chr3_75785549_-,silencing,GM12878
10373,-0.66520035,../results//context_dependence_test_100/enformer/FBXW5_chr9_136944738_-.pickle,55.880753,19.592106,93.05265,FBXW5_chr9_136944738_-,silencing,GM12878
10438,-1.4900854,../results//context_dependence_test_100/enformer/ZNF606_chr19_58002819_-.pickle,57.969933,15.8055,144.35008,ZNF606_chr19_58002819_-,silencing,GM12878
10524,-0.5808458,../results//context_dependence_test_100/enformer/TFPI_chr2_187554438_-.pickle,60.54138,20.889935,95.70659,TFPI_chr2_187554438_-,silencing,GM12878
10563,-0.35151434,../results//context_dependence_test_100/enformer/MED27_chr9_132079856_-.pickle,62.12395,15.588803,83.96141,MED27_chr9_132079856_-,silencing,GM12878
10597,-0.5551854,../results//context_dependence_test_100/enformer/ZNF322_chr6_26659752_-.pickle,63.35251,16.44083,98.524895,ZNF322_chr6_26659752_-,silencing,GM12878
10620,-0.7866215,../results//context_dependence_test_100/enformer/EGR1_chr5_138465478_+.pickle,64.0986,18.669834,114.51994,EGR1_chr5_138465478_+,silencing,GM12878
10672,-0.41055942,../results//context_dependence_test_100/enformer/MAPK7_chr17_19378497_+.pickle,66.17818,23.671415,93.34825,MAPK7_chr17_19378497_+,silencing,GM12878
10770,-0.8505488,../results//context_dependence_test_100/enformer/ZNF324B_chr19_58451646_+.pickle,69.09221,22.83497,127.858505,ZNF324B_chr19_58451646_+,silencing,GM12878
10859,-0.60797787,../results//context_dependence_test_100/enformer/ZNF549_chr19_57527355_+.pickle,71.78742,24.255379,115.43259,ZNF549_chr19_57527355_+,silencing,GM12878
10877,-0.35650313,../results//context_dependence_test_100/enformer/ZNF324_chr19_58467055_+.pickle,72.23062,15.020666,97.981064,ZNF324_chr19_58467055_+,silencing,GM12878
10913,-0.54858214,../results//context_dependence_test_100/enformer/DOCK4_chr7_112206399_-.pickle,73.46509,26.636063,113.76672,DOCK4_chr7_112206399_-,silencing,GM12878
10920,-0.43557072,../results//context_dependence_test_100/enformer/DUSP23_chr1_159780931_+.pickle,73.82976,14.251842,105.98784,DUSP23_chr1_159780931_+,silencing,GM12878
10948,-0.44328475,../results//context_dependence_test_100/enformer/DMXL2_chr15_51622771_-.pickle,74.532715,23.651394,107.57193,DMXL2_chr15_51622771_-,silencing,GM12878
10965,-0.60750693,../results//context_dependence_test_100/enformer/USP53_chr4_119212712_+.pickle,75.19174,27.657394,120.87125,USP53_chr4_119212712_+,silencing,GM12878
10976,-0.38332263,../results//context_dependence_test_100/enformer/ZNF17_chr19_57411178_+.pickle,75.53242,20.261368,104.4857,ZNF17_chr19_57411178_+,silencing,GM12878
11014,-0.6760805,../results//context_dependence_test_100/enformer/ZNF597_chr16_3443504_-.pickle,76.706345,23.430763,128.56601,ZNF597_chr16_3443504_-,silencing,GM12878
11016,-0.35561493,../results//context_dependence_test_100/enformer/ZNF16_chr8_144950880_-.pickle,76.88461,18.686583,104.22593,ZNF16_chr8_144950880_-,silencing,GM12878
11033,-0.52973187,../results//context_dependence_test_100/enformer/FZD6_chr8_103298864_+.pickle,77.29118,32.84629,118.23479,FZD6_chr8_103298864_+,silencing,GM12878
11036,-0.9580218,../results//context_dependence_test_100/enformer/CCND1_chr11_69641155_+.pickle,77.30737,29.607676,151.36952,CCND1_chr11_69641155_+,silencing,GM12878
11049,-0.6214628,../results//context_dependence_test_100/enformer/ZNF134_chr19_57614237_+.pickle,77.7471,28.496162,126.06403,ZNF134_chr19_57614237_+,silencing,GM12878
11075,-0.35661292,../results//context_dependence_test_100/enformer/SPIN4_chrX_63351332_-.pickle,78.674416,32.76648,106.73073,SPIN4_chrX_63351332_-,silencing,GM12878
11090,-0.89823616,../results//context_dependence_test_100/enformer/KBTBD8_chr3_66998306_+.pickle,79.09755,22.225842,150.14583,KBTBD8_chr3_66998306_+,silencing,GM12878
11092,-0.8075636,../results//context_dependence_test_100/enformer/SUCO_chr1_172533117_+.pickle,79.19765,22.329926,143.15479,SUCO_chr1_172533117_+,silencing,GM12878
11184,-0.7394187,../results//context_dependence_test_100/enformer/ZNF256_chr19_57947706_-.pickle,82.26125,20.892078,143.08676,ZNF256_chr19_57947706_-,silencing,GM12878
11230,-0.31865853,../results//context_dependence_test_100/enformer/NFAT5_chr16_69565965_+.pickle,83.87445,16.949461,110.60176,NFAT5_chr16_69565965_+,silencing,GM12878
11315,-0.31137824,../results//context_dependence_test_100/enformer/ZNF485_chr10_43606425_+.pickle,86.85369,21.791664,113.89804,ZNF485_chr10_43606425_+,silencing,GM12878
11381,-0.7821602,../results//context_dependence_test_100/enformer/DCBLD2_chr3_98901695_-.pickle,89.54348,37.2181,159.58083,DCBLD2_chr3_98901695_-,silencing,GM12878
11389,-0.6765285,../results//context_dependence_test_100/enformer/ZNF14_chr19_19733112_-.pickle,89.71775,22.440617,150.41437,ZNF14_chr19_19733112_-,silencing,GM12878
11428,-1.1310588,../results//context_dependence_test_100/enformer/ENSG00000269026_chr19_57682044_+.pickle,91.163155,11.865475,194.27405,ENSG00000269026_chr19_57682044_+,silencing,GM12878
11458,-0.39103657,../results//context_dependence_test_100/enformer/HSD17B7_chr1_162790722_+.pickle,91.756256,21.062431,127.63631,HSD17B7_chr1_162790722_+,silencing,GM12878
11468,-1.2443492,../results//context_dependence_test_100/enformer/ZNF37A_chr10_38094335_+.pickle,91.995155,23.225609,206.46925,ZNF37A_chr10_38094335_+,silencing,GM12878
11469,-1.6348377,../results//context_dependence_test_100/enformer/PLD5P1_chr10_38094367_+.pickle,92.085785,25.620872,242.6311,PLD5P1_chr10_38094367_+,silencing,GM12878
11488,-0.3383153,../results//context_dependence_test_100/enformer/ZNF443_chr19_12441021_-.pickle,92.69743,26.232288,124.058395,ZNF443_chr19_12441021_-,silencing,GM12878
11502,-0.51026416,../results//context_dependence_test_100/enformer/ZNF567_chr19_36687611_+.pickle,93.17855,20.439465,140.72423,ZNF567_chr19_36687611_+,silencing,GM12878
11516,-1.0672992,../results//context_dependence_test_100/enformer/ZNF551_chr19_57682034_+.pickle,93.4749,13.174668,193.24059,ZNF551_chr19_57682034_+,silencing,GM12878
11521,-0.45589888,../results//context_dependence_test_100/enformer/ZNF530_chr19_57599884_+.pickle,93.64721,21.283785,136.34087,ZNF530_chr19_57599884_+,silencing,GM12878
11572,-0.9179358,../results//context_dependence_test_100/enformer/SCARB2_chr4_76213824_-.pickle,95.74573,36.443344,183.63416,SCARB2_chr4_76213824_-,silencing,GM12878
11611,-0.45140535,../results//context_dependence_test_100/enformer/ZNF12_chr7_6706923_-.pickle,97.34735,14.631692,141.29047,ZNF12_chr7_6706923_-,silencing,GM12878
11676,-0.3999643,../results//context_dependence_test_100/enformer/ZNF229_chr19_44448472_-.pickle,99.95906,22.537369,139.93912,ZNF229_chr19_44448472_-,silencing,GM12878
11822,-0.72563696,../results//context_dependence_test_100/enformer/RSBN1_chr1_113812289_-.pickle,105.206055,19.365757,181.54745,RSBN1_chr1_113812289_-,silencing,GM12878
11872,-0.3615063,../results//context_dependence_test_100/enformer/ZNF700_chr19_11925106_+.pickle,107.24922,25.874733,146.0205,ZNF700_chr19_11925106_+,silencing,GM12878
12007,-0.3891289,../results//context_dependence_test_100/enformer/SIGLEC10_chr19_51417642_-.pickle,111.80186,29.198357,155.30719,SIGLEC10_chr19_51417642_-,silencing,GM12878
12014,-0.48814547,../results//context_dependence_test_100/enformer/HOXA1_chr7_27096000_-.pickle,112.06679,21.820564,166.77168,HOXA1_chr7_27096000_-,silencing,GM12878
12031,-0.42251232,../results//context_dependence_test_100/enformer/ENSG00000267179_chr19_11925110_+.pickle,112.72747,29.471497,160.35622,ENSG00000267179_chr19_11925110_+,silencing,GM12878
12075,-0.6065152,../results//context_dependence_test_100/enformer/UBE2N_chr12_93441943_-.pickle,114.50081,22.535006,183.9473,UBE2N_chr12_93441943_-,silencing,GM12878
12122,-0.3580354,../results//context_dependence_test_100/enformer/RBAK_chr7_5045820_+.pickle,116.102776,17.846752,157.67168,RBAK_chr7_5045820_+,silencing,GM12878
12169,-0.5420322,../results//context_dependence_test_100/enformer/TMTC3_chr12_88142306_+.pickle,117.94014,31.25596,181.8675,TMTC3_chr12_88142306_+,silencing,GM12878
12186,-0.72229534,../results//context_dependence_test_100/enformer/ZNF260_chr19_36528268_-.pickle,118.75798,33.993347,204.53632,ZNF260_chr19_36528268_-,silencing,GM12878
12218,-0.7617645,../results//context_dependence_test_100/enformer/ZNF286A-TBC1D26_chr17_15699740_+.pickle,120.51112,38.05562,212.31223,ZNF286A-TBC1D26_chr17_15699740_+,silencing,GM12878
12257,-0.32412386,../results//context_dependence_test_100/enformer/SLC35G1_chr10_93893972_+.pickle,121.935394,42.831333,161.45757,SLC35G1_chr10_93893972_+,silencing,GM12878
12265,-0.3545887,../results//context_dependence_test_100/enformer/ZNF850_chr19_36772814_-.pickle,122.280716,20.99634,165.64008,ZNF850_chr19_36772814_-,silencing,GM12878
12279,-0.8086109,../results//context_dependence_test_100/enformer/ZNF416_chr19_57578911_-.pickle,122.828445,23.98659,222.14886,ZNF416_chr19_57578911_-,silencing,GM12878
12283,-0.38156784,../results//context_dependence_test_100/enformer/ZNF547_chr19_57363550_+.pickle,122.97283,16.382605,169.89531,ZNF547_chr19_57363550_+,silencing,GM12878
12295,-0.5774124,../results//context_dependence_test_100/enformer/ZNF286A_chr17_15699718_+.pickle,123.573395,29.498692,194.92621,ZNF286A_chr17_15699718_+,silencing,GM12878
12344,-0.3198244,../results//context_dependence_test_100/enformer/ZNF202_chr11_123741660_-.pickle,125.0416,15.894102,165.03296,ZNF202_chr11_123741660_-,silencing,GM12878
12382,-0.3037811,../results//context_dependence_test_100/enformer/ZNF510_chr9_96778087_-.pickle,126.63263,25.418861,165.10123,ZNF510_chr9_96778087_-,silencing,GM12878
12477,-0.35155424,../results//context_dependence_test_100/enformer/TRAPPC2B_chr19_57363566_+.pickle,129.6224,12.877069,175.19171,TRAPPC2B_chr19_57363566_+,silencing,GM12878
12525,-0.37749478,../results//context_dependence_test_100/enformer/ENSG00000268133_chr19_57363565_+.pickle,131.91945,11.073791,181.71835,ENSG00000268133_chr19_57363565_+,silencing,GM12878
12689,-0.64690685,../results//context_dependence_test_100/enformer/TMEM160_chr19_47048624_-.pickle,138.07928,33.895752,227.40372,TMEM160_chr19_47048624_-,silencing,GM12878
12752,-0.36778158,../results//context_dependence_test_100/enformer/NUDT16_chr3_131381773_+.pickle,140.30246,31.954342,191.90312,NUDT16_chr3_131381773_+,silencing,GM12878
12924,-0.5249326,../results//context_dependence_test_100/enformer/ZNF275_chrX_153334152_+.pickle,146.49571,29.296913,223.39609,ZNF275_chrX_153334152_+,silencing,GM12878
12980,-0.3330987,../results//context_dependence_test_100/enformer/FOXO3B_chr17_18682314_-.pickle,148.2859,19.89737,197.67975,FOXO3B_chr17_18682314_-,silencing,GM12878
13455,-0.43857005,../results//context_dependence_test_100/enformer/ZNF268_chr12_133181521_+.pickle,165.7146,26.545208,238.39206,ZNF268_chr12_133181521_+,silencing,GM12878
13834,-0.37097612,../results//context_dependence_test_100/enformer/ASPH_chr8_61714568_-.pickle,180.05872,40.534492,246.8562,ASPH_chr8_61714568_-,silencing,GM12878
14539,-0.43314815,../results//context_dependence_test_100/enformer/USPL1_chr13_30617936_+.pickle,205.95053,33.42676,295.15762,USPL1_chr13_30617936_+,silencing,GM12878
14871,-0.38091463,../results//context_dependence_test_100/enformer/HJURP_chr2_233854535_-.pickle,221.17184,29.909954,305.41943,HJURP_chr2_233854535_-,silencing,GM12878
15303,-0.32827762,../results//context_dependence_test_100/enformer/REXO2_chr11_114439483_+.pickle,238.2348,34.749542,316.44196,REXO2_chr11_114439483_+,silencing,GM12878
